method,pdb_id,tier,quality,topology,rank,dockq,capri_class,irmsd,lrmsd,fnat,fnonnat,f1,clashes,pep_len_model,pep_len_native,mapping,model_file,native_file,note
af3,4E81,1,ok,linear,best,0.9037,high,0.672,1.918,0.927,0.321,0.784,0,9,10,AC:AC,predictions\af3\4E81.pdb,data\natives\4E81_native.pdb,
af3,4E81,1,ok,linear,00,0.9037,high,0.672,1.918,0.927,0.321,0.784,0,9,10,AC:AC,predictions\af3\4E81_rank00.pdb,data\natives\4E81_native.pdb,
af3,4E81,1,ok,linear,01,0.8912,high,0.697,1.979,0.902,0.275,0.804,0,9,10,AC:AC,predictions\af3\4E81_rank01.pdb,data\natives\4E81_native.pdb,
af3,4E81,1,ok,linear,02,0.9138,high,0.62,1.729,0.927,0.283,0.809,0,9,10,AC:AC,predictions\af3\4E81_rank02.pdb,data\natives\4E81_native.pdb,
af3,4E81,1,ok,linear,03,0.909,high,0.616,1.526,0.902,0.302,0.787,0,9,10,AC:AC,predictions\af3\4E81_rank03.pdb,data\natives\4E81_native.pdb,
af3,4E81,1,ok,linear,04,0.9385,high,0.463,1.342,0.927,0.191,0.864,0,9,10,AC:AC,predictions\af3\4E81_rank04.pdb,data\natives\4E81_native.pdb,
af3,4EZR,1,ok,linear,best,0.9345,high,0.476,1.314,0.918,0.118,0.9,0,8,8,AB:AB,predictions\af3\4EZR.pdb,data\natives\4EZR_native.pdb,
af3,4EZR,1,ok,linear,00,0.9345,high,0.476,1.314,0.918,0.118,0.9,0,8,8,AB:AB,predictions\af3\4EZR_rank00.pdb,data\natives\4EZR_native.pdb,
af3,4EZR,1,ok,linear,01,0.9518,high,0.346,0.962,0.918,0.082,0.918,0,8,8,AB:AB,predictions\af3\4EZR_rank01.pdb,data\natives\4EZR_native.pdb,
af3,4EZR,1,ok,linear,02,0.952,high,0.388,1.21,0.939,0.021,0.958,0,8,8,AB:AB,predictions\af3\4EZR_rank02.pdb,data\natives\4EZR_native.pdb,
af3,4EZR,1,ok,linear,03,0.9466,high,0.464,1.549,0.959,0.041,0.959,0,8,8,AB:AB,predictions\af3\4EZR_rank03.pdb,data\natives\4EZR_native.pdb,
af3,4EZR,1,ok,linear,04,0.949,high,0.415,1.235,0.939,0.042,0.948,0,8,8,AB:AB,predictions\af3\4EZR_rank04.pdb,data\natives\4EZR_native.pdb,
af3,4EZS,1,ok,linear,best,0.2872,acceptable,3.009,8.867,0.184,0.804,0.189,0,8,8,AB:AB,predictions\af3\4EZS.pdb,data\natives\4EZS_native.pdb,
af3,4EZS,1,ok,linear,00,0.2872,acceptable,3.009,8.867,0.184,0.804,0.189,0,8,8,AB:AB,predictions\af3\4EZS_rank00.pdb,data\natives\4EZS_native.pdb,
af3,4EZS,1,ok,linear,01,0.2869,acceptable,2.982,9.31,0.204,0.783,0.211,0,8,8,AB:AB,predictions\af3\4EZS_rank01.pdb,data\natives\4EZS_native.pdb,
af3,4EZS,1,ok,linear,02,0.6813,medium,1.284,4.336,0.673,0.25,0.71,0,8,8,AB:AB,predictions\af3\4EZS_rank02.pdb,data\natives\4EZS_native.pdb,
af3,4EZS,1,ok,linear,03,0.247,acceptable,4.305,13.434,0.347,0.614,0.366,0,8,8,AB:AB,predictions\af3\4EZS_rank03.pdb,data\natives\4EZS_native.pdb,
af3,4EZS,1,ok,linear,04,0.2378,acceptable,4.187,13.869,0.327,0.66,0.333,0,8,8,AB:AB,predictions\af3\4EZS_rank04.pdb,data\natives\4EZS_native.pdb,
af3,6HY2,1,ok,linear,best,0.2886,acceptable,3.275,7.42,0.125,0.844,0.139,0,12,12,XA:XA,predictions\af3\6HY2.pdb,data\natives\6HY2_native.pdb,
af3,6HY2,1,ok,linear,00,0.2886,acceptable,3.275,7.42,0.125,0.844,0.139,0,12,12,XA:XA,predictions\af3\6HY2_rank00.pdb,data\natives\6HY2_native.pdb,
af3,6HY2,1,ok,linear,01,0.3187,acceptable,3.22,7.266,0.2,0.814,0.193,0,12,12,XA:XA,predictions\af3\6HY2_rank01.pdb,data\natives\6HY2_native.pdb,
af3,6HY2,1,ok,linear,02,0.2858,acceptable,3.346,7.846,0.15,0.833,0.158,0,12,12,XA:XA,predictions\af3\6HY2_rank02.pdb,data\natives\6HY2_native.pdb,
af3,6HY2,1,ok,linear,03,0.3311,acceptable,3.004,7.031,0.2,0.724,0.232,0,12,12,XA:XA,predictions\af3\6HY2_rank03.pdb,data\natives\6HY2_native.pdb,
af3,6HY2,1,ok,linear,04,0.8464,high,0.702,1.515,0.75,0.189,0.779,0,12,12,XA:XA,predictions\af3\6HY2_rank04.pdb,data\natives\6HY2_native.pdb,
af3,3QRX,2,caution,linear,best,0.5254,medium,2.501,8.069,0.786,0.686,0.449,0,20,26,AB:AB,predictions\af3\3QRX.pdb,data\natives\3QRX_native.pdb,
af3,3QRX,2,caution,linear,00,0.5254,medium,2.501,8.069,0.786,0.686,0.449,0,20,26,AB:AB,predictions\af3\3QRX_rank00.pdb,data\natives\3QRX_native.pdb,
af3,3QRX,2,caution,linear,01,0.5402,medium,2.527,7.319,0.786,0.718,0.415,0,20,26,AB:AB,predictions\af3\3QRX_rank01.pdb,data\natives\3QRX_native.pdb,
af3,3QRX,2,caution,linear,02,0.0747,incorrect,9.087,17.123,0.0,1.0,0.0,0,20,26,AB:AB,predictions\af3\3QRX_rank02.pdb,data\natives\3QRX_native.pdb,
af3,3QRX,2,caution,linear,03,0.0736,incorrect,9.027,17.332,0.0,1.0,0.0,0,20,26,AB:AB,predictions\af3\3QRX_rank03.pdb,data\natives\3QRX_native.pdb,
af3,3QRX,2,caution,linear,04,0.0745,incorrect,9.176,17.141,0.0,1.0,0.0,0,20,26,AB:AB,predictions\af3\3QRX_rank04.pdb,data\natives\3QRX_native.pdb,
af3,4EZO,2,caution,linear,best,0.7111,medium,1.486,4.359,0.837,0.18,0.828,0,8,15,AC:AC,predictions\af3\4EZO.pdb,data\natives\4EZO_native.pdb,
af3,4EZO,2,caution,linear,00,0.7111,medium,1.486,4.359,0.837,0.18,0.828,0,8,15,AC:AC,predictions\af3\4EZO_rank00.pdb,data\natives\4EZO_native.pdb,
af3,4EZO,2,caution,linear,01,0.7302,medium,1.366,4.153,0.837,0.18,0.828,0,8,15,AC:AC,predictions\af3\4EZO_rank01.pdb,data\natives\4EZO_native.pdb,
af3,4EZO,2,caution,linear,02,0.7403,medium,1.318,3.707,0.816,0.13,0.842,0,8,15,AC:AC,predictions\af3\4EZO_rank02.pdb,data\natives\4EZO_native.pdb,
af3,4EZO,2,caution,linear,03,0.705,medium,1.516,4.464,0.837,0.128,0.854,0,8,15,AC:AC,predictions\af3\4EZO_rank03.pdb,data\natives\4EZO_native.pdb,
af3,4EZO,2,caution,linear,04,0.7071,medium,1.505,4.434,0.837,0.18,0.828,0,8,15,AC:AC,predictions\af3\4EZO_rank04.pdb,data\natives\4EZO_native.pdb,
af3,4EZU,2,ok,linear,best,0.0836,incorrect,6.39,17.079,0.0,1.0,0.0,0,14,17,AB:AB,predictions\af3\4EZU.pdb,data\natives\4EZU_native.pdb,
af3,4EZU,2,ok,linear,00,0.0836,incorrect,6.39,17.079,0.0,1.0,0.0,0,14,17,AB:AB,predictions\af3\4EZU_rank00.pdb,data\natives\4EZU_native.pdb,
af3,4EZU,2,ok,linear,01,0.0937,incorrect,6.175,15.765,0.0,1.0,0.0,0,14,17,AB:AB,predictions\af3\4EZU_rank01.pdb,data\natives\4EZU_native.pdb,
af3,4EZU,2,ok,linear,02,0.0985,incorrect,6.144,15.885,0.017,0.98,0.018,0,14,17,AB:AB,predictions\af3\4EZU_rank02.pdb,data\natives\4EZU_native.pdb,
af3,4EZU,2,ok,linear,03,0.0837,incorrect,6.532,16.94,0.0,1.0,0.0,0,14,17,AB:AB,predictions\af3\4EZU_rank03.pdb,data\natives\4EZU_native.pdb,
af3,4EZU,2,ok,linear,04,0.0885,incorrect,6.301,16.395,0.0,1.0,0.0,0,14,17,AB:AB,predictions\af3\4EZU_rank04.pdb,data\natives\4EZU_native.pdb,
af3,6Z2P,2,caution,linear,best,0.1418,incorrect,4.799,13.606,0.056,0.953,0.051,2,10,19,AC:AC,predictions\af3\6Z2P.pdb,data\natives\6Z2P_native.pdb,
af3,6Z2P,2,caution,linear,00,0.1418,incorrect,4.799,13.606,0.056,0.953,0.051,2,10,19,AC:AC,predictions\af3\6Z2P_rank00.pdb,data\natives\6Z2P_native.pdb,
af3,6Z2P,2,caution,linear,01,0.1044,incorrect,5.55,16.132,0.028,0.929,0.04,0,10,19,AC:AC,predictions\af3\6Z2P_rank01.pdb,data\natives\6Z2P_native.pdb,
af3,6Z2P,2,caution,linear,02,0.8367,high,0.875,2.322,0.833,0.302,0.759,0,10,19,AC:AC,predictions\af3\6Z2P_rank02.pdb,data\natives\6Z2P_native.pdb,
af3,6Z2P,2,caution,linear,03,0.348,acceptable,2.216,6.673,0.111,0.862,0.123,0,10,19,AC:AC,predictions\af3\6Z2P_rank03.pdb,data\natives\6Z2P_native.pdb,
af3,6Z2P,2,caution,linear,04,0.3529,acceptable,2.24,6.793,0.139,0.8,0.164,0,10,19,AC:AC,predictions\af3\6Z2P_rank04.pdb,data\natives\6Z2P_native.pdb,
af3,8AHT,2,ok,linear,best,0.4035,acceptable,4.015,5.445,0.379,0.566,0.404,0,25,26,AF:AF,predictions\af3\8AHT.pdb,data\natives\8AHT_native.pdb,
af3,8AHT,2,ok,linear,00,0.4035,acceptable,4.015,5.445,0.379,0.566,0.404,0,25,26,AF:AF,predictions\af3\8AHT_rank00.pdb,data\natives\8AHT_native.pdb,
af3,8AHT,2,ok,linear,01,0.3758,acceptable,4.118,5.779,0.326,0.635,0.344,1,25,26,AF:AF,predictions\af3\8AHT_rank01.pdb,data\natives\8AHT_native.pdb,
af3,8AHT,2,ok,linear,02,0.3846,acceptable,4.037,5.345,0.316,0.62,0.345,0,25,26,AF:AF,predictions\af3\8AHT_rank02.pdb,data\natives\8AHT_native.pdb,
af3,8AHT,2,ok,linear,03,0.0555,incorrect,10.93,23.401,0.032,0.957,0.037,0,25,26,AF:AF,predictions\af3\8AHT_rank03.pdb,data\natives\8AHT_native.pdb,
af3,8AHT,2,ok,linear,04,0.054,incorrect,10.675,22.851,0.021,0.977,0.022,0,25,26,AF:AF,predictions\af3\8AHT_rank04.pdb,data\natives\8AHT_native.pdb,
af3,4JWC,3,caution,linear,best,0.6722,medium,1.431,4.241,0.692,0.143,0.766,0,9,16,AC:AC,predictions\af3\4JWC.pdb,data\natives\4JWC_native.pdb,
af3,4JWC,3,caution,linear,00,0.6722,medium,1.431,4.241,0.692,0.143,0.766,0,9,16,AC:AC,predictions\af3\4JWC_rank00.pdb,data\natives\4JWC_native.pdb,
af3,4JWC,3,caution,linear,01,0.6535,medium,1.729,3.729,0.692,0.122,0.774,0,9,16,AC:AC,predictions\af3\4JWC_rank01.pdb,data\natives\4JWC_native.pdb,
af3,4JWC,3,caution,linear,02,0.6815,medium,1.516,3.463,0.692,0.1,0.783,0,9,16,AC:AC,predictions\af3\4JWC_rank02.pdb,data\natives\4JWC_native.pdb,
af3,4JWC,3,caution,linear,03,0.6753,medium,1.43,4.121,0.692,0.1,0.783,0,9,16,AC:AC,predictions\af3\4JWC_rank03.pdb,data\natives\4JWC_native.pdb,
af3,4JWC,3,caution,linear,04,0.6787,medium,1.399,3.87,0.673,0.186,0.737,0,9,16,AC:AC,predictions\af3\4JWC_rank04.pdb,data\natives\4JWC_native.pdb,
afmultimer,4E81,1,ok,linear,best,0.9304,high,0.631,1.598,0.976,0.216,0.87,0,9,10,AC:AC,predictions\afmultimer\4E81.pdb,data\natives\4E81_native.pdb,
afmultimer,4E81,1,ok,linear,00,0.9304,high,0.631,1.598,0.976,0.216,0.87,0,9,10,AC:AC,predictions\afmultimer\4E81_rank00.pdb,data\natives\4E81_native.pdb,
afmultimer,4E81,1,ok,linear,01,0.9243,high,0.613,1.62,0.951,0.22,0.857,0,9,10,AC:AC,predictions\afmultimer\4E81_rank01.pdb,data\natives\4E81_native.pdb,
afmultimer,4E81,1,ok,linear,02,0.9257,high,0.609,1.56,0.951,0.22,0.857,0,9,10,AC:AC,predictions\afmultimer\4E81_rank02.pdb,data\natives\4E81_native.pdb,
afmultimer,4E81,1,ok,linear,03,0.9196,high,0.603,1.466,0.927,0.224,0.844,0,9,10,AC:AC,predictions\afmultimer\4E81_rank03.pdb,data\natives\4E81_native.pdb,
afmultimer,4E81,1,ok,linear,04,0.9219,high,0.635,1.585,0.951,0.22,0.857,0,9,10,AC:AC,predictions\afmultimer\4E81_rank04.pdb,data\natives\4E81_native.pdb,
afmultimer,4EZQ,1,caution,linear,best,0.5866,medium,1.244,3.794,0.333,0.571,0.375,0,7,9,AB:AB,predictions\afmultimer\4EZQ.pdb,data\natives\4EZQ_native.pdb,
afmultimer,4EZQ,1,caution,linear,00,0.5866,medium,1.244,3.794,0.333,0.571,0.375,0,7,9,AB:AB,predictions\afmultimer\4EZQ_rank00.pdb,data\natives\4EZQ_native.pdb,
afmultimer,4EZQ,1,caution,linear,01,0.5888,medium,1.203,3.614,0.311,0.588,0.354,0,7,9,AB:AB,predictions\afmultimer\4EZQ_rank01.pdb,data\natives\4EZQ_native.pdb,
afmultimer,4EZQ,1,caution,linear,02,0.2253,incorrect,4.051,13.343,0.267,0.714,0.276,0,7,9,AB:AB,predictions\afmultimer\4EZQ_rank02.pdb,data\natives\4EZQ_native.pdb,
afmultimer,4EZQ,1,caution,linear,03,0.6174,medium,1.137,3.406,0.356,0.543,0.4,2,7,9,AB:AB,predictions\afmultimer\4EZQ_rank03.pdb,data\natives\4EZQ_native.pdb,
afmultimer,4EZQ,1,caution,linear,04,0.6001,medium,1.157,3.4,0.311,0.562,0.364,0,7,9,AB:AB,predictions\afmultimer\4EZQ_rank04.pdb,data\natives\4EZQ_native.pdb,
afmultimer,4EZS,1,ok,linear,best,0.2938,acceptable,2.735,9.092,0.184,0.8,0.191,2,8,8,AB:AB,predictions\afmultimer\4EZS.pdb,data\natives\4EZS_native.pdb,
afmultimer,4EZS,1,ok,linear,00,0.2938,acceptable,2.735,9.092,0.184,0.8,0.191,2,8,8,AB:AB,predictions\afmultimer\4EZS_rank00.pdb,data\natives\4EZS_native.pdb,
afmultimer,4EZS,1,ok,linear,01,0.3006,acceptable,2.677,8.86,0.184,0.791,0.196,2,8,8,AB:AB,predictions\afmultimer\4EZS_rank01.pdb,data\natives\4EZS_native.pdb,
afmultimer,4EZS,1,ok,linear,02,0.3162,acceptable,2.607,8.572,0.204,0.783,0.211,2,8,8,AB:AB,predictions\afmultimer\4EZS_rank02.pdb,data\natives\4EZS_native.pdb,
afmultimer,4EZS,1,ok,linear,03,0.4316,acceptable,2.29,7.447,0.429,0.677,0.368,9,8,8,AB:AB,predictions\afmultimer\4EZS_rank03.pdb,data\natives\4EZS_native.pdb,
afmultimer,4EZS,1,ok,linear,04,0.3697,acceptable,2.339,7.651,0.265,0.729,0.268,4,8,8,AB:AB,predictions\afmultimer\4EZS_rank04.pdb,data\natives\4EZS_native.pdb,
afmultimer,6HY2,1,ok,linear,best,0.3945,acceptable,2.494,5.995,0.25,0.697,0.274,3,12,12,XA:XA,predictions\afmultimer\6HY2.pdb,data\natives\6HY2_native.pdb,
afmultimer,6HY2,1,ok,linear,00,0.3945,acceptable,2.494,5.995,0.25,0.697,0.274,3,12,12,XA:XA,predictions\afmultimer\6HY2_rank00.pdb,data\natives\6HY2_native.pdb,
afmultimer,6HY2,1,ok,linear,01,0.5545,medium,1.611,3.929,0.375,0.571,0.4,1,12,12,XA:XA,predictions\afmultimer\6HY2_rank01.pdb,data\natives\6HY2_native.pdb,
afmultimer,6HY2,1,ok,linear,02,0.036,incorrect,10.318,27.458,0.0,1.0,0.0,4,12,12,XA:XA,predictions\afmultimer\6HY2_rank02.pdb,data\natives\6HY2_native.pdb,
afmultimer,6HY2,1,ok,linear,03,0.412,acceptable,2.352,5.608,0.25,0.677,0.282,1,12,12,XA:XA,predictions\afmultimer\6HY2_rank03.pdb,data\natives\6HY2_native.pdb,
afmultimer,6HY2,1,ok,linear,04,0.3644,acceptable,2.822,6.615,0.25,0.756,0.247,5,12,12,XA:XA,predictions\afmultimer\6HY2_rank04.pdb,data\natives\6HY2_native.pdb,
afmultimer,6Z2P,2,caution,linear,best,0.1705,incorrect,4.887,14.387,0.167,0.895,0.129,4,10,19,AC:AC,predictions\afmultimer\6Z2P.pdb,data\natives\6Z2P_native.pdb,
afmultimer,8GAL,3,ok,linear,best,0.7462,medium,0.88,5.737,0.808,0.16,0.824,0,18,20,AB:AB,predictions\afmultimer\8GAL.pdb,data\natives\8GAL_native.pdb,
boltz,6HY2,1,ok,linear,best,0.9276,high,0.507,1.033,0.9,0.053,0.923,0,12,12,XA:XA,predictions\boltz\6HY2.pdb,data\natives\6HY2_native.pdb,
boltz,6HY2,1,ok,linear,00,0.9276,high,0.507,1.033,0.9,0.053,0.923,0,12,12,XA:XA,predictions\boltz\6HY2_rank00.pdb,data\natives\6HY2_native.pdb,
boltz,6HY2,1,ok,linear,01,0.9138,high,0.596,1.28,0.9,0.053,0.923,0,12,12,XA:XA,predictions\boltz\6HY2_rank01.pdb,data\natives\6HY2_native.pdb,
boltz,6HY2,1,ok,linear,02,0.9081,high,0.683,1.461,0.925,0.051,0.937,0,12,12,XA:XA,predictions\boltz\6HY2_rank02.pdb,data\natives\6HY2_native.pdb,
boltz,6HY2,1,ok,linear,03,0.9096,high,0.572,1.193,0.875,0.079,0.897,0,12,12,XA:XA,predictions\boltz\6HY2_rank03.pdb,data\natives\6HY2_native.pdb,
boltz,6HY2,1,ok,linear,04,0.0262,incorrect,12.211,32.542,0.0,1.0,0.0,0,12,12,XA:XA,predictions\boltz\6HY2_rank04.pdb,data\natives\6HY2_native.pdb,
chai,4E81,1,ok,linear,best,0.9464,high,0.551,1.142,0.976,0.273,0.833,0,9,10,AC:AC,predictions\chai\4E81.pdb,data\natives\4E81_native.pdb,
chai,4E81,1,ok,linear,00,0.9464,high,0.551,1.142,0.976,0.273,0.833,0,9,10,AC:AC,predictions\chai\4E81_rank00.pdb,data\natives\4E81_native.pdb,
chai,4E81,1,ok,linear,01,0.9607,high,0.513,0.972,1.0,0.212,0.882,0,9,10,AC:AC,predictions\chai\4E81_rank01.pdb,data\natives\4E81_native.pdb,
chai,4E81,1,ok,linear,02,0.9529,high,0.55,1.299,1.0,0.196,0.891,0,9,10,AC:AC,predictions\chai\4E81_rank02.pdb,data\natives\4E81_native.pdb,
chai,4E81,1,ok,linear,03,0.9594,high,0.545,0.604,1.0,0.241,0.863,0,9,10,AC:AC,predictions\chai\4E81_rank03.pdb,data\natives\4E81_native.pdb,
chai,4E81,1,ok,linear,04,0.9562,high,0.57,0.621,1.0,0.212,0.882,0,9,10,AC:AC,predictions\chai\4E81_rank04.pdb,data\natives\4E81_native.pdb,
chai,4EZQ,1,caution,linear,best,0.2096,incorrect,4.226,13.895,0.244,0.718,0.262,0,7,9,AB:AB,predictions\chai\4EZQ.pdb,data\natives\4EZQ_native.pdb,
chai,4EZQ,1,caution,linear,00,0.2096,incorrect,4.226,13.895,0.244,0.718,0.262,0,7,9,AB:AB,predictions\chai\4EZQ_rank00.pdb,data\natives\4EZQ_native.pdb,
chai,4EZQ,1,caution,linear,01,0.2111,incorrect,4.191,13.788,0.244,0.725,0.259,0,7,9,AB:AB,predictions\chai\4EZQ_rank01.pdb,data\natives\4EZQ_native.pdb,
chai,4EZQ,1,caution,linear,02,0.2086,incorrect,4.241,13.972,0.244,0.744,0.25,0,7,9,AB:AB,predictions\chai\4EZQ_rank02.pdb,data\natives\4EZQ_native.pdb,
chai,4EZQ,1,caution,linear,03,0.2102,incorrect,4.207,13.853,0.244,0.718,0.262,0,7,9,AB:AB,predictions\chai\4EZQ_rank03.pdb,data\natives\4EZQ_native.pdb,
chai,4EZQ,1,caution,linear,04,0.8236,high,0.913,2.524,0.822,0.026,0.892,0,7,9,AB:AB,predictions\chai\4EZQ_rank04.pdb,data\natives\4EZQ_native.pdb,
chai,4EZR,1,ok,linear,best,0.919,high,0.487,1.362,0.878,0.14,0.869,0,8,8,AB:AB,predictions\chai\4EZR.pdb,data\natives\4EZR_native.pdb,
chai,4EZR,1,ok,linear,00,0.919,high,0.487,1.362,0.878,0.14,0.869,0,8,8,AB:AB,predictions\chai\4EZR_rank00.pdb,data\natives\4EZR_native.pdb,
chai,4EZR,1,ok,linear,01,0.924,high,0.547,1.474,0.918,0.1,0.909,0,8,8,AB:AB,predictions\chai\4EZR_rank01.pdb,data\natives\4EZR_native.pdb,
chai,4EZR,1,ok,linear,02,0.9144,high,0.508,1.534,0.878,0.14,0.869,0,8,8,AB:AB,predictions\chai\4EZR_rank02.pdb,data\natives\4EZR_native.pdb,
chai,4EZR,1,ok,linear,03,0.907,high,0.569,1.511,0.878,0.085,0.896,0,8,8,AB:AB,predictions\chai\4EZR_rank03.pdb,data\natives\4EZR_native.pdb,
chai,4EZR,1,ok,linear,04,0.1879,incorrect,4.883,15.443,0.245,0.692,0.273,0,8,8,AB:AB,predictions\chai\4EZR_rank04.pdb,data\natives\4EZR_native.pdb,
chai,4EZS,1,ok,linear,best,0.3752,acceptable,2.321,7.449,0.265,0.675,0.292,0,8,8,AB:AB,predictions\chai\4EZS.pdb,data\natives\4EZS_native.pdb,
chai,4EZS,1,ok,linear,00,0.3752,acceptable,2.321,7.449,0.265,0.675,0.292,0,8,8,AB:AB,predictions\chai\4EZS_rank00.pdb,data\natives\4EZS_native.pdb,
chai,4EZS,1,ok,linear,01,0.4099,acceptable,2.162,6.958,0.306,0.688,0.309,0,8,8,AB:AB,predictions\chai\4EZS_rank01.pdb,data\natives\4EZS_native.pdb,
chai,4EZS,1,ok,linear,02,0.3615,acceptable,2.418,7.825,0.265,0.711,0.277,0,8,8,AB:AB,predictions\chai\4EZS_rank02.pdb,data\natives\4EZS_native.pdb,
chai,4EZS,1,ok,linear,03,0.3967,acceptable,2.382,7.547,0.347,0.653,0.347,0,8,8,AB:AB,predictions\chai\4EZS_rank03.pdb,data\natives\4EZS_native.pdb,
chai,4EZS,1,ok,linear,04,0.3946,acceptable,2.385,7.635,0.347,0.646,0.351,0,8,8,AB:AB,predictions\chai\4EZS_rank04.pdb,data\natives\4EZS_native.pdb,
chai,6HY2,1,ok,linear,best,0.2059,incorrect,4.578,12.369,0.2,0.667,0.25,0,12,12,XA:XA,predictions\chai\6HY2.pdb,data\natives\6HY2_native.pdb,
chai,6HY2,1,ok,linear,00,0.2059,incorrect,4.578,12.369,0.2,0.667,0.25,0,12,12,XA:XA,predictions\chai\6HY2_rank00.pdb,data\natives\6HY2_native.pdb,
chai,6HY2,1,ok,linear,01,0.3675,acceptable,2.614,5.833,0.175,0.731,0.212,0,12,12,XA:XA,predictions\chai\6HY2_rank01.pdb,data\natives\6HY2_native.pdb,
chai,6HY2,1,ok,linear,02,0.3399,acceptable,2.708,6.1,0.125,0.8,0.154,0,12,12,XA:XA,predictions\chai\6HY2_rank02.pdb,data\natives\6HY2_native.pdb,
chai,6HY2,1,ok,linear,03,0.3217,acceptable,2.806,6.336,0.1,0.833,0.125,0,12,12,XA:XA,predictions\chai\6HY2_rank03.pdb,data\natives\6HY2_native.pdb,
chai,6HY2,1,ok,linear,04,0.2437,acceptable,3.374,8.654,0.075,0.8,0.109,0,12,12,XA:XA,predictions\chai\6HY2_rank04.pdb,data\natives\6HY2_native.pdb,
chai,3QRX,2,caution,linear,best,0.2275,incorrect,3.447,26.262,0.429,0.929,0.122,2,20,26,AB:AB,predictions\chai\3QRX.pdb,data\natives\3QRX_native.pdb,
chai,3QRX,2,caution,linear,00,0.2275,incorrect,3.447,26.262,0.429,0.929,0.122,2,20,26,AB:AB,predictions\chai\3QRX_rank00.pdb,data\natives\3QRX_native.pdb,
chai,3QRX,2,caution,linear,01,0.1889,incorrect,4.134,26.537,0.357,0.941,0.101,0,20,26,AB:AB,predictions\chai\3QRX_rank01.pdb,data\natives\3QRX_native.pdb,
chai,3QRX,2,caution,linear,02,0.2264,incorrect,3.53,25.821,0.429,0.93,0.12,0,20,26,AB:AB,predictions\chai\3QRX_rank02.pdb,data\natives\3QRX_native.pdb,
chai,3QRX,2,caution,linear,03,0.2495,acceptable,3.566,25.744,0.5,0.914,0.147,0,20,26,AB:AB,predictions\chai\3QRX_rank03.pdb,data\natives\3QRX_native.pdb,
chai,3QRX,2,caution,linear,04,0.1778,incorrect,3.538,26.203,0.286,0.949,0.087,0,20,26,AB:AB,predictions\chai\3QRX_rank04.pdb,data\natives\3QRX_native.pdb,
chai,4EZO,2,caution,linear,best,0.6879,medium,1.554,4.445,0.796,0.133,0.83,0,8,15,AC:AC,predictions\chai\4EZO.pdb,data\natives\4EZO_native.pdb,
chai,4EZO,2,caution,linear,00,0.6879,medium,1.554,4.445,0.796,0.133,0.83,0,8,15,AC:AC,predictions\chai\4EZO_rank00.pdb,data\natives\4EZO_native.pdb,
chai,4EZO,2,caution,linear,01,0.7243,medium,1.422,4.122,0.837,0.128,0.854,0,8,15,AC:AC,predictions\chai\4EZO_rank01.pdb,data\natives\4EZO_native.pdb,
chai,4EZO,2,caution,linear,02,0.718,medium,1.417,4.126,0.816,0.13,0.842,0,8,15,AC:AC,predictions\chai\4EZO_rank02.pdb,data\natives\4EZO_native.pdb,
chai,4EZO,2,caution,linear,03,0.6902,medium,1.576,4.53,0.816,0.13,0.842,0,8,15,AC:AC,predictions\chai\4EZO_rank03.pdb,data\natives\4EZO_native.pdb,
chai,4EZO,2,caution,linear,04,0.7285,medium,1.317,3.634,0.776,0.136,0.817,0,8,15,AC:AC,predictions\chai\4EZO_rank04.pdb,data\natives\4EZO_native.pdb,
chai,4EZU,2,ok,linear,best,0.09,incorrect,8.43,22.734,0.117,0.873,0.122,0,14,17,AB:AB,predictions\chai\4EZU.pdb,data\natives\4EZU_native.pdb,
chai,4EZU,2,ok,linear,00,0.09,incorrect,8.43,22.734,0.117,0.873,0.122,0,14,17,AB:AB,predictions\chai\4EZU_rank00.pdb,data\natives\4EZU_native.pdb,
chai,4EZU,2,ok,linear,01,0.0904,incorrect,8.296,22.698,0.117,0.885,0.116,0,14,17,AB:AB,predictions\chai\4EZU_rank01.pdb,data\natives\4EZU_native.pdb,
chai,4EZU,2,ok,linear,02,0.0911,incorrect,8.29,22.489,0.117,0.892,0.112,0,14,17,AB:AB,predictions\chai\4EZU_rank02.pdb,data\natives\4EZU_native.pdb,
chai,4EZU,2,ok,linear,03,0.0916,incorrect,8.234,22.378,0.117,0.883,0.117,1,14,17,AB:AB,predictions\chai\4EZU_rank03.pdb,data\natives\4EZU_native.pdb,
chai,4EZU,2,ok,linear,04,0.2928,acceptable,5.622,14.911,0.567,0.452,0.557,0,14,17,AB:AB,predictions\chai\4EZU_rank04.pdb,data\natives\4EZU_native.pdb,
chai,6Z2P,2,caution,linear,best,0.0698,incorrect,7.547,23.472,0.056,0.882,0.075,0,10,19,AC:AC,predictions\chai\6Z2P.pdb,data\natives\6Z2P_native.pdb,
chai,6Z2P,2,caution,linear,00,0.0698,incorrect,7.547,23.472,0.056,0.882,0.075,0,10,19,AC:AC,predictions\chai\6Z2P_rank00.pdb,data\natives\6Z2P_native.pdb,
chai,6Z2P,2,caution,linear,01,0.0682,incorrect,7.704,23.856,0.056,0.867,0.078,0,10,19,AC:AC,predictions\chai\6Z2P_rank01.pdb,data\natives\6Z2P_native.pdb,
chai,6Z2P,2,caution,linear,02,0.0696,incorrect,7.626,23.45,0.056,0.9,0.071,0,10,19,AC:AC,predictions\chai\6Z2P_rank02.pdb,data\natives\6Z2P_native.pdb,
chai,6Z2P,2,caution,linear,03,0.0685,incorrect,7.681,23.782,0.056,0.909,0.069,0,10,19,AC:AC,predictions\chai\6Z2P_rank03.pdb,data\natives\6Z2P_native.pdb,
chai,6Z2P,2,caution,linear,04,0.4507,acceptable,2.322,6.361,0.417,0.545,0.435,0,10,19,AC:AC,predictions\chai\6Z2P_rank04.pdb,data\natives\6Z2P_native.pdb,
chai,7SAY,2,ok,linear,best,0.0679,incorrect,14.435,39.194,0.148,0.897,0.121,0,35,37,AE:AE,predictions\chai\7SAY.pdb,data\natives\7SAY_native.pdb,
chai,7SAY,2,ok,linear,00,0.0679,incorrect,14.435,39.194,0.148,0.897,0.121,0,35,37,AE:AE,predictions\chai\7SAY_rank00.pdb,data\natives\7SAY_native.pdb,
chai,7SAY,2,ok,linear,01,0.0682,incorrect,14.197,39.033,0.148,0.857,0.145,0,35,37,AE:AE,predictions\chai\7SAY_rank01.pdb,data\natives\7SAY_native.pdb,
chai,7SAY,2,ok,linear,02,0.0682,incorrect,14.242,38.995,0.148,0.9,0.119,0,35,37,AE:AE,predictions\chai\7SAY_rank02.pdb,data\natives\7SAY_native.pdb,
chai,7SAY,2,ok,linear,03,0.0683,incorrect,14.313,38.757,0.148,0.922,0.103,0,35,37,AE:AE,predictions\chai\7SAY_rank03.pdb,data\natives\7SAY_native.pdb,
chai,7SAY,2,ok,linear,04,0.0672,incorrect,14.183,40.428,0.148,0.895,0.123,0,35,37,AE:AE,predictions\chai\7SAY_rank04.pdb,data\natives\7SAY_native.pdb,
chai,8AHT,2,ok,linear,best,0.5496,medium,2.459,3.094,0.495,0.427,0.531,0,25,26,AF:AF,predictions\chai\8AHT.pdb,data\natives\8AHT_native.pdb,
chai,8AHT,2,ok,linear,00,0.5496,medium,2.459,3.094,0.495,0.427,0.531,0,25,26,AF:AF,predictions\chai\8AHT_rank00.pdb,data\natives\8AHT_native.pdb,
chai,8AHT,2,ok,linear,01,0.4352,acceptable,3.279,5.0,0.389,0.565,0.411,0,25,26,AF:AF,predictions\chai\8AHT_rank01.pdb,data\natives\8AHT_native.pdb,
chai,8AHT,2,ok,linear,02,0.536,medium,2.48,3.337,0.474,0.438,0.514,0,25,26,AF:AF,predictions\chai\8AHT_rank02.pdb,data\natives\8AHT_native.pdb,
chai,8AHT,2,ok,linear,03,0.3457,acceptable,3.611,6.56,0.263,0.713,0.275,0,25,26,AF:AF,predictions\chai\8AHT_rank03.pdb,data\natives\8AHT_native.pdb,
chai,8AHT,2,ok,linear,04,0.3802,acceptable,3.686,5.937,0.326,0.64,0.343,0,25,26,AF:AF,predictions\chai\8AHT_rank04.pdb,data\natives\8AHT_native.pdb,
chai,4JWC,3,caution,linear,best,0.6854,medium,1.377,3.967,0.692,0.077,0.791,0,9,16,AC:AC,predictions\chai\4JWC.pdb,data\natives\4JWC_native.pdb,
chai,4JWC,3,caution,linear,00,0.6854,medium,1.377,3.967,0.692,0.077,0.791,0,9,16,AC:AC,predictions\chai\4JWC_rank00.pdb,data\natives\4JWC_native.pdb,
chai,4JWC,3,caution,linear,01,0.665,medium,1.407,4.131,0.654,0.029,0.782,0,9,16,AC:AC,predictions\chai\4JWC_rank01.pdb,data\natives\4JWC_native.pdb,
chai,4JWC,3,caution,linear,02,0.663,medium,1.418,4.154,0.654,0.056,0.773,0,9,16,AC:AC,predictions\chai\4JWC_rank02.pdb,data\natives\4JWC_native.pdb,
chai,4JWC,3,caution,linear,03,0.6912,medium,1.313,3.783,0.673,0.167,0.745,0,9,16,AC:AC,predictions\chai\4JWC_rank03.pdb,data\natives\4JWC_native.pdb,
chai,4JWC,3,caution,linear,04,0.6721,medium,1.448,4.167,0.692,0.053,0.8,0,9,16,AC:AC,predictions\chai\4JWC_rank04.pdb,data\natives\4JWC_native.pdb,
chai,8GAL,3,ok,linear,best,0.7856,medium,0.768,5.072,0.827,0.122,0.851,1,18,20,AB:AB,predictions\chai\8GAL.pdb,data\natives\8GAL_native.pdb,
chai,8GAL,3,ok,linear,00,0.7856,medium,0.768,5.072,0.827,0.122,0.851,1,18,20,AB:AB,predictions\chai\8GAL_rank00.pdb,data\natives\8GAL_native.pdb,
chai,8GAL,3,ok,linear,01,0.7809,medium,0.755,5.328,0.827,0.104,0.86,0,18,20,AB:AB,predictions\chai\8GAL_rank01.pdb,data\natives\8GAL_native.pdb,
chai,8GAL,3,ok,linear,02,0.7745,medium,0.75,5.609,0.827,0.14,0.843,0,18,20,AB:AB,predictions\chai\8GAL_rank02.pdb,data\natives\8GAL_native.pdb,
chai,8GAL,3,ok,linear,03,0.7659,medium,0.825,5.271,0.808,0.125,0.84,0,18,20,AB:AB,predictions\chai\8GAL_rank03.pdb,data\natives\8GAL_native.pdb,
chai,8GAL,3,ok,linear,04,0.7627,medium,0.825,5.398,0.808,0.106,0.848,0,18,20,AB:AB,predictions\chai\8GAL_rank04.pdb,data\natives\8GAL_native.pdb,
protenix,4E81,1,ok,linear,best,0.8977,high,0.715,1.337,0.902,0.245,0.822,0,9,10,AC:AC,predictions\protenix\4E81.pdb,data\natives\4E81_native.pdb,
protenix,4E81,1,ok,linear,00,0.8977,high,0.715,1.337,0.902,0.245,0.822,0,9,10,AC:AC,predictions\protenix\4E81_rank00.pdb,data\natives\4E81_native.pdb,
protenix,4E81,1,ok,linear,01,0.8825,high,0.735,1.666,0.878,0.234,0.818,0,9,10,AC:AC,predictions\protenix\4E81_rank01.pdb,data\natives\4E81_native.pdb,
protenix,4E81,1,ok,linear,02,0.906,high,0.644,1.468,0.902,0.229,0.831,0,9,10,AC:AC,predictions\protenix\4E81_rank02.pdb,data\natives\4E81_native.pdb,
protenix,4E81,1,ok,linear,03,0.883,high,0.771,1.217,0.878,0.2,0.837,0,9,10,AC:AC,predictions\protenix\4E81_rank03.pdb,data\natives\4E81_native.pdb,
protenix,4E81,1,ok,linear,04,0.8947,high,0.665,1.485,0.878,0.25,0.809,0,9,10,AC:AC,predictions\protenix\4E81_rank04.pdb,data\natives\4E81_native.pdb,
protenix,4EZQ,1,caution,linear,best,0.7932,medium,1.068,3.264,0.844,0.073,0.884,1,7,9,AB:AB,predictions\protenix\4EZQ.pdb,data\natives\4EZQ_native.pdb,
protenix,4EZQ,1,caution,linear,00,0.7932,medium,1.068,3.264,0.844,0.073,0.884,1,7,9,AB:AB,predictions\protenix\4EZQ_rank00.pdb,data\natives\4EZQ_native.pdb,
protenix,4EZQ,1,caution,linear,01,0.2285,incorrect,4.13,13.628,0.289,0.683,0.302,0,7,9,AB:AB,predictions\protenix\4EZQ_rank01.pdb,data\natives\4EZQ_native.pdb,
protenix,4EZQ,1,caution,linear,02,0.2261,incorrect,4.18,13.785,0.289,0.705,0.292,0,7,9,AB:AB,predictions\protenix\4EZQ_rank02.pdb,data\natives\4EZQ_native.pdb,
protenix,4EZQ,1,caution,linear,03,0.2269,incorrect,4.166,13.735,0.289,0.675,0.306,0,7,9,AB:AB,predictions\protenix\4EZQ_rank03.pdb,data\natives\4EZQ_native.pdb,
protenix,4EZQ,1,caution,linear,04,0.2198,incorrect,4.16,13.711,0.267,0.721,0.273,0,7,9,AB:AB,predictions\protenix\4EZQ_rank04.pdb,data\natives\4EZQ_native.pdb,
protenix,4EZR,1,ok,linear,best,0.9095,high,0.55,1.515,0.878,0.085,0.896,0,8,8,AB:AB,predictions\protenix\4EZR.pdb,data\natives\4EZR_native.pdb,
protenix,4EZR,1,ok,linear,00,0.9095,high,0.55,1.515,0.878,0.085,0.896,0,8,8,AB:AB,predictions\protenix\4EZR_rank00.pdb,data\natives\4EZR_native.pdb,
protenix,4EZR,1,ok,linear,01,0.8717,high,0.72,2.046,0.857,0.067,0.894,0,8,8,AB:AB,predictions\protenix\4EZR_rank01.pdb,data\natives\4EZR_native.pdb,
protenix,4EZR,1,ok,linear,02,0.9167,high,0.539,1.59,0.898,0.083,0.907,0,8,8,AB:AB,predictions\protenix\4EZR_rank02.pdb,data\natives\4EZR_native.pdb,
protenix,4EZR,1,ok,linear,03,0.8399,high,0.816,2.306,0.816,0.111,0.851,0,8,8,AB:AB,predictions\protenix\4EZR_rank03.pdb,data\natives\4EZR_native.pdb,
protenix,4EZR,1,ok,linear,04,0.8178,high,0.986,2.533,0.837,0.024,0.901,0,8,8,AB:AB,predictions\protenix\4EZR_rank04.pdb,data\natives\4EZR_native.pdb,
protenix,4EZS,1,ok,linear,best,0.9254,high,0.664,1.183,0.959,0.078,0.94,0,8,8,AB:AB,predictions\protenix\4EZS.pdb,data\natives\4EZS_native.pdb,
protenix,4EZS,1,ok,linear,00,0.9254,high,0.664,1.183,0.959,0.078,0.94,0,8,8,AB:AB,predictions\protenix\4EZS_rank00.pdb,data\natives\4EZS_native.pdb,
protenix,4EZS,1,ok,linear,01,0.9174,high,0.674,1.171,0.939,0.115,0.911,0,8,8,AB:AB,predictions\protenix\4EZS_rank01.pdb,data\natives\4EZS_native.pdb,
protenix,4EZS,1,ok,linear,02,0.211,incorrect,3.8,12.552,0.184,0.795,0.194,0,8,8,AB:AB,predictions\protenix\4EZS_rank02.pdb,data\natives\4EZS_native.pdb,
protenix,4EZS,1,ok,linear,03,0.2096,incorrect,3.83,12.621,0.184,0.769,0.205,0,8,8,AB:AB,predictions\protenix\4EZS_rank03.pdb,data\natives\4EZS_native.pdb,
protenix,4EZS,1,ok,linear,04,0.204,incorrect,3.942,12.93,0.184,0.791,0.196,0,8,8,AB:AB,predictions\protenix\4EZS_rank04.pdb,data\natives\4EZS_native.pdb,
protenix,6HY2,1,ok,linear,best,0.6853,medium,1.464,3.657,0.7,0.2,0.747,1,12,12,XA:XA,predictions\protenix\6HY2.pdb,data\natives\6HY2_native.pdb,
protenix,6HY2,1,ok,linear,00,0.6853,medium,1.464,3.657,0.7,0.2,0.747,1,12,12,XA:XA,predictions\protenix\6HY2_rank00.pdb,data\natives\6HY2_native.pdb,
protenix,6HY2,1,ok,linear,01,0.7874,medium,1.05,2.572,0.775,0.114,0.827,0,12,12,XA:XA,predictions\protenix\6HY2_rank01.pdb,data\natives\6HY2_native.pdb,
protenix,6HY2,1,ok,linear,02,0.6784,medium,1.4,3.556,0.65,0.161,0.732,0,12,12,XA:XA,predictions\protenix\6HY2_rank02.pdb,data\natives\6HY2_native.pdb,
protenix,6HY2,1,ok,linear,03,0.6113,medium,1.701,4.299,0.6,0.25,0.667,1,12,12,XA:XA,predictions\protenix\6HY2_rank03.pdb,data\natives\6HY2_native.pdb,
protenix,6HY2,1,ok,linear,04,0.6207,medium,1.639,4.167,0.6,0.172,0.696,1,12,12,XA:XA,predictions\protenix\6HY2_rank04.pdb,data\natives\6HY2_native.pdb,
protenix,3QRX,2,caution,linear,best,0.3886,acceptable,2.42,25.159,0.786,0.849,0.253,0,20,26,AB:AB,predictions\protenix\3QRX.pdb,data\natives\3QRX_native.pdb,
protenix,3QRX,2,caution,linear,00,0.3886,acceptable,2.42,25.159,0.786,0.849,0.253,0,20,26,AB:AB,predictions\protenix\3QRX_rank00.pdb,data\natives\3QRX_native.pdb,
protenix,3QRX,2,caution,linear,01,0.3854,acceptable,2.665,21.998,0.786,0.841,0.265,0,20,26,AB:AB,predictions\protenix\3QRX_rank01.pdb,data\natives\3QRX_native.pdb,
protenix,3QRX,2,caution,linear,02,0.4081,acceptable,2.575,23.732,0.857,0.818,0.3,0,20,26,AB:AB,predictions\protenix\3QRX_rank02.pdb,data\natives\3QRX_native.pdb,
protenix,3QRX,2,caution,linear,03,0.2047,incorrect,3.349,27.06,0.357,0.912,0.141,2,20,26,AB:AB,predictions\protenix\3QRX_rank03.pdb,data\natives\3QRX_native.pdb,
protenix,3QRX,2,caution,linear,04,0.2559,acceptable,3.294,26.082,0.5,0.899,0.169,1,20,26,AB:AB,predictions\protenix\3QRX_rank04.pdb,data\natives\3QRX_native.pdb,
protenix,4EZO,2,caution,linear,best,0.75,medium,1.302,3.38,0.816,0.13,0.842,0,8,15,AC:AC,predictions\protenix\4EZO.pdb,data\natives\4EZO_native.pdb,
protenix,4EZO,2,caution,linear,00,0.75,medium,1.302,3.38,0.816,0.13,0.842,0,8,15,AC:AC,predictions\protenix\4EZO_rank00.pdb,data\natives\4EZO_native.pdb,
protenix,4EZO,2,caution,linear,01,0.7487,medium,1.282,3.546,0.816,0.13,0.842,0,8,15,AC:AC,predictions\protenix\4EZO_rank01.pdb,data\natives\4EZO_native.pdb,
protenix,4EZO,2,caution,linear,02,0.7196,medium,1.516,3.599,0.816,0.111,0.851,0,8,15,AC:AC,predictions\protenix\4EZO_rank02.pdb,data\natives\4EZO_native.pdb,
protenix,4EZO,2,caution,linear,03,0.7313,medium,1.337,3.701,0.796,0.133,0.83,0,8,15,AC:AC,predictions\protenix\4EZO_rank03.pdb,data\natives\4EZO_native.pdb,
protenix,4EZO,2,caution,linear,04,0.749,medium,1.35,3.461,0.837,0.128,0.854,0,8,15,AC:AC,predictions\protenix\4EZO_rank04.pdb,data\natives\4EZO_native.pdb,
protenix,4EZU,2,ok,linear,best,0.1784,incorrect,4.557,12.366,0.117,0.883,0.117,0,14,17,AB:AB,predictions\protenix\4EZU.pdb,data\natives\4EZU_native.pdb,
protenix,4EZU,2,ok,linear,00,0.1784,incorrect,4.557,12.366,0.117,0.883,0.117,0,14,17,AB:AB,predictions\protenix\4EZU_rank00.pdb,data\natives\4EZU_native.pdb,
protenix,4EZU,2,ok,linear,01,0.1306,incorrect,7.136,17.974,0.167,0.841,0.163,1,14,17,AB:AB,predictions\protenix\4EZU_rank01.pdb,data\natives\4EZU_native.pdb,
protenix,4EZU,2,ok,linear,02,0.1232,incorrect,8.392,21.186,0.2,0.831,0.183,0,14,17,AB:AB,predictions\protenix\4EZU_rank02.pdb,data\natives\4EZU_native.pdb,
protenix,4EZU,2,ok,linear,03,0.1183,incorrect,8.81,22.317,0.2,0.803,0.198,0,14,17,AB:AB,predictions\protenix\4EZU_rank03.pdb,data\natives\4EZU_native.pdb,
protenix,4EZU,2,ok,linear,04,0.1141,incorrect,8.222,20.778,0.167,0.818,0.174,0,14,17,AB:AB,predictions\protenix\4EZU_rank04.pdb,data\natives\4EZU_native.pdb,
protenix,6Z2P,2,caution,linear,best,0.7686,medium,1.187,3.464,0.833,0.25,0.789,1,10,19,AC:AC,predictions\protenix\6Z2P.pdb,data\natives\6Z2P_native.pdb,
protenix,6Z2P,2,caution,linear,00,0.7686,medium,1.187,3.464,0.833,0.25,0.789,1,10,19,AC:AC,predictions\protenix\6Z2P_rank00.pdb,data\natives\6Z2P_native.pdb,
protenix,6Z2P,2,caution,linear,01,0.7295,medium,1.437,4.173,0.861,0.456,0.667,0,10,19,AC:AC,predictions\protenix\6Z2P_rank01.pdb,data\natives\6Z2P_native.pdb,
protenix,6Z2P,2,caution,linear,02,0.7218,medium,1.468,4.334,0.861,0.354,0.738,0,10,19,AC:AC,predictions\protenix\6Z2P_rank02.pdb,data\natives\6Z2P_native.pdb,
protenix,6Z2P,2,caution,linear,03,0.7821,medium,1.177,3.337,0.861,0.426,0.689,1,10,19,AC:AC,predictions\protenix\6Z2P_rank03.pdb,data\natives\6Z2P_native.pdb,
protenix,6Z2P,2,caution,linear,04,0.7744,medium,1.159,3.378,0.833,0.302,0.759,0,10,19,AC:AC,predictions\protenix\6Z2P_rank04.pdb,data\natives\6Z2P_native.pdb,
protenix,7SAY,2,ok,linear,best,0.014,incorrect,18.272,44.465,0.0,1.0,0.0,0,35,37,AE:AE,predictions\protenix\7SAY.pdb,data\natives\7SAY_native.pdb,
protenix,7SAY,2,ok,linear,00,0.014,incorrect,18.272,44.465,0.0,1.0,0.0,0,35,37,AE:AE,predictions\protenix\7SAY_rank00.pdb,data\natives\7SAY_native.pdb,
protenix,7SAY,2,ok,linear,01,0.0571,incorrect,14.731,37.104,0.111,0.929,0.087,1,35,37,AE:AE,predictions\protenix\7SAY_rank01.pdb,data\natives\7SAY_native.pdb,
protenix,7SAY,2,ok,linear,02,0.0333,incorrect,14.91,36.022,0.037,0.968,0.034,0,35,37,AE:AE,predictions\protenix\7SAY_rank02.pdb,data\natives\7SAY_native.pdb,
protenix,7SAY,2,ok,linear,03,0.0438,incorrect,14.667,38.25,0.074,0.943,0.065,2,35,37,AE:AE,predictions\protenix\7SAY_rank03.pdb,data\natives\7SAY_native.pdb,
protenix,7SAY,2,ok,linear,04,0.0559,incorrect,14.603,38.702,0.111,0.903,0.103,1,35,37,AE:AE,predictions\protenix\7SAY_rank04.pdb,data\natives\7SAY_native.pdb,
protenix,8AHT,2,ok,linear,best,0.6557,medium,1.849,2.723,0.663,0.241,0.708,0,25,26,AF:AF,predictions\protenix\8AHT.pdb,data\natives\8AHT_native.pdb,
protenix,8AHT,2,ok,linear,00,0.6557,medium,1.849,2.723,0.663,0.241,0.708,0,25,26,AF:AF,predictions\protenix\8AHT_rank00.pdb,data\natives\8AHT_native.pdb,
protenix,8AHT,2,ok,linear,01,0.6407,medium,1.973,2.432,0.632,0.241,0.69,0,25,26,AF:AF,predictions\protenix\8AHT_rank01.pdb,data\natives\8AHT_native.pdb,
protenix,8AHT,2,ok,linear,02,0.6469,medium,2.106,2.507,0.684,0.253,0.714,0,25,26,AF:AF,predictions\protenix\8AHT_rank02.pdb,data\natives\8AHT_native.pdb,
protenix,8AHT,2,ok,linear,03,0.6121,medium,2.362,3.21,0.674,0.238,0.715,0,25,26,AF:AF,predictions\protenix\8AHT_rank03.pdb,data\natives\8AHT_native.pdb,
protenix,8AHT,2,ok,linear,04,0.0731,incorrect,10.963,24.673,0.095,0.895,0.099,0,25,26,AF:AF,predictions\protenix\8AHT_rank04.pdb,data\natives\8AHT_native.pdb,
protenix,4JWC,3,caution,linear,best,0.6533,medium,1.715,3.791,0.692,0.1,0.783,0,9,16,AC:AC,predictions\protenix\4JWC.pdb,data\natives\4JWC_native.pdb,
protenix,4JWC,3,caution,linear,00,0.6533,medium,1.715,3.791,0.692,0.1,0.783,0,9,16,AC:AC,predictions\protenix\4JWC_rank00.pdb,data\natives\4JWC_native.pdb,
protenix,4JWC,3,caution,linear,01,0.6629,medium,1.644,3.68,0.692,0.122,0.774,1,9,16,AC:AC,predictions\protenix\4JWC_rank01.pdb,data\natives\4JWC_native.pdb,
protenix,4JWC,3,caution,linear,02,0.6383,medium,1.856,3.881,0.692,0.053,0.8,0,9,16,AC:AC,predictions\protenix\4JWC_rank02.pdb,data\natives\4JWC_native.pdb,
protenix,4JWC,3,caution,linear,03,0.6496,medium,1.769,3.735,0.692,0.1,0.783,0,9,16,AC:AC,predictions\protenix\4JWC_rank03.pdb,data\natives\4JWC_native.pdb,
protenix,4JWC,3,caution,linear,04,0.6257,medium,1.876,4.064,0.673,0.103,0.769,1,9,16,AC:AC,predictions\protenix\4JWC_rank04.pdb,data\natives\4JWC_native.pdb,
protenix,8GAL,3,ok,linear,best,0.827,high,0.72,4.97,0.923,0.059,0.932,0,18,20,AB:AB,predictions\protenix\8GAL.pdb,data\natives\8GAL_native.pdb,
protenix,8GAL,3,ok,linear,00,0.827,high,0.72,4.97,0.923,0.059,0.932,0,18,20,AB:AB,predictions\protenix\8GAL_rank00.pdb,data\natives\8GAL_native.pdb,
protenix,8GAL,3,ok,linear,01,0.8006,high,0.828,5.149,0.904,0.13,0.887,0,18,20,AB:AB,predictions\protenix\8GAL_rank01.pdb,data\natives\8GAL_native.pdb,
protenix,8GAL,3,ok,linear,02,0.8037,high,0.783,5.286,0.904,0.096,0.904,0,18,20,AB:AB,predictions\protenix\8GAL_rank02.pdb,data\natives\8GAL_native.pdb,
protenix,8GAL,3,ok,linear,03,0.8124,high,0.704,5.384,0.904,0.113,0.895,0,18,20,AB:AB,predictions\protenix\8GAL_rank03.pdb,data\natives\8GAL_native.pdb,
protenix,8GAL,3,ok,linear,04,0.8114,high,0.776,4.768,0.885,0.098,0.893,0,18,20,AB:AB,predictions\protenix\8GAL_rank04.pdb,data\natives\8GAL_native.pdb,
