pdb_id,tier,topology,seqres_pep_len,resolved_pep_len,resolved_frac,resolved_rec_len,pep_nonstd,verdict
2HD4,1,linear,8,8,1.0,279,,ok
4E81,1,linear,10,9,0.9,214,,ok
4EZQ,1,linear,9,7,0.78,216,,CAUTION: partial peptide
4EZR,1,linear,8,8,1.0,218,,ok
4JWI,1,linear,10,8,0.8,213,,DROP: unencodable residue(s) in peptide sequence (X)
4N6P,1,linear,6,6,1.0,335,,ok
7NEF,1,linear,12,11,0.92,114,,DROP: unencodable residue(s) in peptide sequence (X)
3QRX,2,linear,26,20,0.77,145,,CAUTION: partial peptide
4EZO,2,linear,15,8,0.53,211,,CAUTION: partial peptide
4EZU,2,linear,17,14,0.82,216,,ok
7SAY,2,linear,37,35,0.95,56,,ok
8AHT,2,linear,26,25,0.96,140,,ok
